weekday,hour,rows,mae,rmse,bias,error_std,abs_error_p95,abs_error_p99,mean_orders,mean_pred
0,0,84.0,3.533441182067321,5.056950917240447,2.1518333355819648,4.603768406034872,10.145292853986103,12.599239019032293,4.869047619047619,7.0208809546295825
0,6,158.0,2.1533039070184685,3.2914715105449903,0.12829991081862738,3.299427827585441,7.356817595457236,10.535268754560542,4.291139240506329,4.419439151324957
0,8,704.0,0.9538759898221847,1.4797615915319278,0.32762307723177186,1.444063568104542,3.1655749861755345,4.882533301191925,1.6590909090909092,1.9867139863226806
0,9,1077.0,1.368147903789028,2.301346199389591,0.6687944519614918,2.2030466928400165,5.228180745359979,7.580878091911122,3.1318477251624883,3.80064217712398
0,11,1422.0,1.9280587006892853,3.6004241076124823,0.7446895905663282,3.5238080811797317,8.1797334742358,13.389097570159565,6.020393811533052,6.76508340209938
0,15,1412.0,1.3063788645468881,2.391317231798431,0.24985186025373474,2.3790713810000472,5.368597084723675,9.309625052746192,3.409348441926346,3.6592003021800807
0,18,1393.0,1.195516666445317,2.1884893478923684,0.3663458515652579,2.1583838052109443,5.128942701204122,7.9162474673274374,3.2333094041636756,3.5996552557289334
0,21,1145.0,0.6881142995371047,1.2283452652699332,0.22683311531901737,1.2077469772465308,2.868755676086532,4.517006530547141,1.485589519650655,1.7124226349696727
1,0,82.0,4.318189741183214,6.43997265624908,2.5177761356353106,5.963874987111071,17.62968602522343,19.07063242500152,4.121951219512195,6.639727355147507
1,6,154.0,1.9993432645935774,3.071654667276493,0.050102274516714514,3.0812664319696714,7.172747480011702,9.465262212230344,4.642857142857143,4.692959417373857
1,8,673.0,0.9415461732087462,1.5261573943805278,0.28545409812661343,1.5003389952961765,3.35569652600077,5.669563682711979,1.6805349182763745,1.9659890164029878
1,9,1028.0,1.3365800433962922,2.3610879585730666,0.7098008730063897,2.2529661942792627,5.247410780391582,9.376194888889751,2.97568093385214,3.685481806858529
1,11,1358.0,1.8920834756845124,3.543237633118717,0.8263614396735464,3.446796796357899,8.230133975412562,13.694886036599872,5.774668630338733,6.60103007001228
1,15,1355.0,1.2475322868056153,2.254341178683842,0.4093377719694865,2.2176849081626866,5.545238283382861,8.271205926766507,3.124723247232472,3.534061019201959
1,18,1342.0,1.1400011991502932,2.1121304841967543,0.41058076689370226,2.0726117821334205,4.935941814794403,8.124615869785483,3.0216095380029806,3.432190304896683
1,21,1110.0,0.7742021589947247,1.4310808505545272,0.2545078416880442,1.4089025706007374,3.2249664550659123,5.448927590824583,1.4054054054054055,1.6599132470934497
2,0,80.0,4.051826829746491,6.352218069143025,2.6598680324329043,5.804910749364693,13.133961608346317,20.05922103522807,4.25,6.909868032432904
2,6,151.0,1.6444888283920238,2.400891771766413,0.30516978913719844,2.3893430863308813,4.6936073973125625,8.078955456709082,4.509933774834437,4.815103563971635
2,8,665.0,0.9333594286743395,1.5203178161118394,0.24749632469960453,1.5011663978002843,3.263272117975151,5.168799958389849,1.738345864661654,1.9858421893612588
2,9,1021.0,1.2649639901750926,2.139061792097823,0.5644259377854614,2.0642631249721726,4.880285309902684,7.485176393675153,3.1047992164544564,3.6692251542399177
2,11,1327.0,1.752743809961075,3.106956305219626,0.8412813242966097,2.9920176114602217,7.20313967901204,11.6445568209097,5.834966088922381,6.6762474132189915
2,15,1327.0,1.2154291313800132,2.09241312693355,0.33083188162608296,2.0668725705836097,4.833468142653584,7.452737718125957,3.244159758854559,3.574991640480642
2,18,1303.0,1.1601752724967158,2.1278049418968914,0.3078706157696763,2.106222718426967,4.926821836689579,8.479674006950688,3.193399846508058,3.5012704622777346
2,21,1059.0,0.7911594278251756,1.472683641778578,0.23794947020453153,1.454019788420968,3.24149218577788,5.423327279804295,1.4834749763928234,1.721424446597355
3,0,80.0,2.9766418010213918,4.287973641687725,1.4650628308164735,4.055352313099409,9.420832185324468,11.367924901316862,4.9,6.365062830816473
3,6,151.0,1.5157338455168172,2.2426935752852017,0.362236509886061,2.220611532458561,4.6816353398915975,6.842965217737875,4.549668874172186,4.9119053840582465
3,8,663.0,0.9518910133829314,1.51397750259379,0.2612506662408828,1.4923924741854075,3.24646965353777,5.254406830007012,1.7254901960784315,1.986740862319314
3,9,992.0,1.295096343734715,2.161852793470225,0.556690671766837,2.090001514256951,4.9909995478014055,7.42811716857046,3.1955645161290325,3.752255187895869
3,11,1333.0,1.7410330885994754,3.1883009710633567,0.5589248048916863,3.140105601920962,7.622974456073305,11.8980215092325,6.143285821455364,6.702210626347051
3,15,1331.0,1.2469988871527442,2.186360367904771,0.14797355279502858,2.182167073521015,5.200685960520556,7.940050757324193,3.473328324567994,3.6213018773630226
3,18,1319.0,1.146399455086699,2.0424662391906248,0.19945686045557676,2.0334749236553074,4.838537618521877,7.6190949949176,3.329795299469295,3.529252159924872
3,21,1092.0,0.7228596859472118,1.2922829444358945,0.23077652618798547,1.2720924845452533,2.9360550054203958,5.076886545185226,1.4954212454212454,1.726197771609231
4,0,90.0,2.3706661790367574,3.7163622128634204,1.7370036894664167,3.3038536661253524,9.088248975623046,10.916003917657036,3.988888888888889,5.725892578355306
4,6,150.0,1.6874716522514166,2.494720470309561,0.1430016086612532,2.4989623547729436,5.697427588246276,7.242099745625107,4.846666666666667,4.98966827532792
4,8,659.0,0.9280936562047487,1.4584393055567288,0.29252394660613373,1.4298872312771516,3.4414311754430975,4.9734738702195855,1.763277693474962,2.0558016400810963
4,9,1012.0,1.325737443410793,2.202866378974667,0.3627883921243591,2.1738616572808196,5.025770314941936,7.513029677957185,3.464426877470356,3.827215269594715
4,11,1339.0,1.9381872264074984,3.419231913067876,0.5406061680889749,3.3774859285453274,8.18362890297455,13.031777090523727,6.284540702016431,6.825146870105405
4,15,1338.0,1.2547530871369246,2.0897087517799946,0.31216838571843714,2.067033347539674,4.984697837137799,7.387635388889474,3.412556053811659,3.7247244395300956
4,18,1328.0,1.3264664347113089,2.3402603238092388,0.0913656137094159,2.3393570987054155,5.316483295892926,8.466144976287358,3.5670180722891565,3.6583836859985723
4,21,1120.0,0.809211394129583,1.4342071242895178,0.1699486252047214,1.4247385489805178,3.2055449468937636,5.668051180651777,1.6089285714285715,1.7788771966332928
5,0,90.0,2.638666861906216,4.204755423810138,1.371300415141744,3.9971272002517964,10.790608484761407,13.690032712889817,5.055555555555555,6.426855970697299
5,6,148.0,1.4050303662687953,2.0277226743876224,0.5850858598266573,1.9480696874744958,4.372706026321222,5.448570609447138,3.222972972972973,3.8080588327996296
5,8,603.0,1.0280767763554086,1.6771934410719627,-0.06584863279840211,1.6772916604656154,3.6603421316651383,5.836857343988816,2.427860696517413,2.362012063719011
5,9,1011.0,1.5209151900683706,2.5975905831829866,0.41102972837218466,2.566134212713979,6.033810063267907,9.219075753854629,4.275964391691395,4.686994120063579
5,11,1333.0,1.7392130169125395,3.2266244376428905,0.633884431511443,3.164934482009044,7.590340706625548,12.963616468625045,5.9894973743435855,6.623381805855029
5,15,1329.0,1.3249573083410735,2.291058808253171,0.3397591500786353,2.2665788715245516,5.309779504705136,8.769073155319393,3.201655379984951,3.541414530063587
5,18,1318.0,1.2856800753282394,2.205711189060664,0.2693674328411838,2.1900324349358624,5.378305243210919,8.287106048839116,3.3019726858877085,3.5713401187288922
5,21,1212.0,0.7965409108202414,1.368254330382124,0.18302621828542343,1.3565174466302505,3.1504733369866766,4.9571111514216,1.4834983498349834,1.6665245681204068
6,0,85.0,2.7468255446200245,4.140102107044284,1.4850459302596541,3.887529120317514,10.7045586199729,12.26617059305184,6.011764705882353,7.496810636142006
6,6,160.0,1.4180258455922061,2.2022432422366363,0.9168812536740495,2.0085863647205757,5.2860789873758565,6.7556264629851475,2.4625,3.3793812536740497
6,8,652.0,1.1066278922280248,1.7683282039059156,0.42976567258257736,1.7166262680358215,3.7786409611191236,6.515097196072311,1.9217791411042944,2.3515448136868717
6,9,1088.0,1.5200402168050955,2.5782282604732227,0.6036301300390183,2.5077224045554902,5.845563488567068,9.326177588663448,4.015625,4.6192551300390186
6,11,1438.0,1.8019793626723088,3.3500333584433264,0.6586267373002574,3.285794010688442,8.01182794535302,12.600365886499445,5.911682892906815,6.570309630207073
6,15,1431.0,1.3349477958613896,2.2630430303558815,0.36661026129971624,2.2339310774145393,5.050575174804269,8.02292071144924,3.1900768693221524,3.5566871306218686
6,18,1419.0,1.2779817247807965,2.2158086862117545,0.17899378619042725,2.2093458878503873,5.240997956253957,7.67912638332689,3.4256518675123324,3.60464565370276
6,21,1190.0,0.7538295210630471,1.3370344848093343,0.3031675967078169,1.3027573914144244,3.064006114302238,5.052967843816647,1.3638655462184874,1.6670331429263043
